url,label
https://www.google.com,0
https://www.facebook.com,0
https://www.amazon.com,0
https://www.microsoft.com,0
https://www.apple.com,0
https://github.com,0
https://stackoverflow.com,0
https://www.linkedin.com,0
https://www.twitter.com,0
https://www.reddit.com,0
https://www.wikipedia.org,0
https://www.youtube.com,0
https://www.netflix.com,0
https://www.instagram.com,0
https://www.paypal.com,0
https://www.ebay.com,0
https://www.yahoo.com,0
https://www.bing.com,0
https://www.twitch.tv,0
https://www.spotify.com,0
https://www.bankofamerica.com,0
https://www.chase.com,0
https://www.wellsfargo.com,0
https://www.citibank.com,0
https://www.americanexpress.com,0
https://www.discover.com,0
https://www.capitalone.com,0
https://www.usbank.com,0
https://www.pnc.com,0
http://verify-account-secure.com/login,1
http://secure-banking-update.net/verify,1
http://login-verify-account.xyz/secure,1
http://192.168.1.100/admin/login,1
http://bit.ly/malicious-link,1
http://secure-login-update.com/confirm,1
http://account-verify-secure.tk/login,1
http://banking-secure-update.gq/verify,1
http://login-secure-account.cf/auth,1
http://verify-secure-login.ml/confirm,1
http://user@phishing-site.com/login,1
http://secure-login.bit/verify,1
http://account-confirm-secure.top/login,1
http://phishing-site.com@malicious.com,1
http://login-verify-account.zip/secure,1
http://secure-banking-update.xyz/verify-account,1
http://confirm-account-secure.gq/login,1
http://verify-login-secure.cf/auth,1
http://account-secure-login.ml/confirm,1
http://secure-verify-account.top/login,1
http://login-verify-account-update.com/secure,1
http://banking-verify-secure.net/confirm,1
http://account-login-secure.xyz/verify,1
http://secure-account-login.tk/auth,1
http://verify-banking-secure.gq/login,1
http://login-account-secure.cf/confirm,1
http://secure-verify-login.ml/verify,1
http://account-login-verify.top/secure,1
http://phishing-login-secure.bit/auth,1
http://verify-account-login.zip/confirm,1
http://secure-verify-account.xyz/login,1
http://account-banking-secure.gq/verify,1
http://login-account-secure.cf/secure,1
http://verify-secure-login.ml/auth,1
http://secure-account-verify.top/confirm,1
http://account-login-secure.bit/verify,1
http://phishing-verify-login.zip/secure,1
http://secure-account-login.xyz/auth,1
http://verify-banking-secure.gq/confirm,1
http://login-secure-account.cf/login,1
http://account-verify-secure.ml/verify,1
http://secure-login-verify.top/secure,1
http://phishing-account-login.bit/auth,1
http://verify-secure-account.zip/confirm,1
http://login-banking-secure.xyz/login,1
http://account-verify-login.gq/verify,1
http://secure-account-login.cf/secure,1
http://verify-login-secure.ml/auth,1
http://account-secure-verify.top/confirm,1
http://phishing-login-account.bit/verify,1
http://secure-verify-login.zip/secure,1
http://login-account-verify.xyz/auth,1
http://account-banking-login.gq/confirm,1
http://secure-verify-account.cf/login,1
http://verify-account-login.ml/verify,1
http://login-secure-account.top/secure,1
http://account-phishing-secure.bit/auth,1
http://verify-secure-login.zip/confirm,1
http://secure-account-verify.xyz/login,1
http://login-banking-account.gq/verify,1
http://account-secure-login.cf/secure,1
http://verify-login-account.ml/auth,1
http://secure-verify-account.top/confirm,1
http://phishing-login-secure.bit/verify,1
http://account-verify-login.zip/secure,1
http://secure-banking-login.xyz/auth,1
http://verify-account-login.gq/confirm,1
http://login-secure-account.cf/login,1
http://account-verify-secure.ml/verify,1
http://secure-login-verify.top/secure,1
http://phishing-account-login.bit/auth,1
http://verify-secure-account.zip/confirm,1
http://login-banking-secure.xyz/login,1
http://account-verify-login.gq/verify,1
http://secure-account-login.cf/secure,1
http://verify-login-secure.ml/auth,1
http://account-secure-verify.top/confirm,1
http://phishing-login-account.bit/verify,1
http://secure-verify-login.zip/secure,1
http://login-account-verify.xyz/auth,1
http://account-banking-login.gq/confirm,1
http://secure-verify-account.cf/login,1
http://verify-account-login.ml/verify,1
http://login-secure-account.top/secure,1
http://account-phishing-secure.bit/auth,1
http://verify-secure-login.zip/confirm,1
http://secure-account-verify.xyz/login,1
http://login-banking-account.gq/verify,1
http://account-secure-login.cf/secure,1
http://verify-login-account.ml/auth,1
http://secure-verify-account.top/confirm,1
http://phishing-login-secure.bit/verify,1
http://account-verify-login.zip/secure,1
http://secure-banking-login.xyz/auth,1
http://verify-account-login.gq/confirm,1
http://login-secure-account.cf/login,1
http://account-verify-secure.ml/verify,1
http://secure-login-verify.top/secure,1
http://phishing-account-login.bit/auth,1
http://verify-secure-account.zip/confirm,1
http://login-banking-secure.xyz/login,1
http://account-verify-login.gq/verify,1
http://secure-account-login.cf/secure,1
http://verify-login-secure.ml/auth,1
http://account-secure-verify.top/confirm,1
http://phishing-login-account.bit/verify,1
http://secure-verify-login.zip/secure,1
http://login-account-verify.xyz/auth,1
http://account-banking-login.gq/confirm,1
http://secure-verify-account.cf/login,1
http://verify-account-login.ml/verify,1
http://login-secure-account.top/secure,1
http://account-phishing-secure.bit/auth,1
http://verify-secure-login.zip/confirm,1
http://secure-account-verify.xyz/login,1
http://login-banking-account.gq/verify,1
http://account-secure-login.cf/secure,1
http://verify-login-account.ml/auth,1
http://secure-verify-account.top/confirm,1
